Date,Category,City,Sales_Amount,Units_Sold,Customer_Rating,Profit_Margin,GST_Amount
2023-01-01,Clothing,Bangalore,38079.47,47,4.9,0.184,9490.18
2023-01-02,Books,Mumbai,95120.72,12,3.0,0.139,9452.19
2023-01-03,Furniture,Pune,73467.4,16,4.5,0.303,6138.42
2023-01-04,Furniture,Pune,60267.19,24,4.5,0.383,9252.77
2023-01-05,Mobile Phones,Pune,16445.85,19,3.5,0.181,7879.55
2023-01-06,Books,Chennai,16443.46,8,4.3,0.243,5940.48
2023-01-07,Sports Equipment,Pune,6750.28,31,3.2,0.29,163.71
2023-01-08,Home Appliances,Hyderabad,86751.44,21,3.5,0.4,7747.91
2023-01-09,Sports Equipment,Chennai,60510.39,17,4.6,0.131,7054.63
2023-01-10,Furniture,Hyderabad,71099.19,23,4.7,0.25,6191.01
2023-01-11,Electronics,Bangalore,3037.86,37,4.2,0.216,7628.2
2023-01-12,Electronics,Bangalore,97021.08,16,4.0,0.36,5177.93
2023-01-13,Books,Pune,83411.82,6,3.3,0.243,7070.42
2023-01-14,Sports Equipment,Bangalore,22021.57,8,3.1,0.133,9358.2
2023-01-15,Sports Equipment,Pune,19000.67,25,3.2,0.29,3820.47
2023-01-16,Groceries,Kolkata,19157.05,18,3.5,0.331,7110.41
2023-01-17,Groceries,Kolkata,31119.98,25,3.7,0.101,4809.31
2023-01-18,Clothing,Ahmedabad,52950.89,12,3.8,0.358,6776.56
2023-01-19,Books,Bangalore,43762.56,15,3.7,0.156,7652.64
2023-01-20,Books,Mumbai,29831.68,26,3.5,0.266,549.98
2023-01-21,Groceries,Ahmedabad,61573.44,41,4.0,0.225,6501.34
2023-01-22,Electronics,Pune,14809.89,45,4.7,0.316,2344.74
2023-01-23,Sports Equipment,Bangalore,29922.32,26,3.6,0.211,6733.32
2023-01-24,Furniture,Kolkata,37269.82,47,4.9,0.361,4736.47
2023-01-25,Books,Bangalore,46150.93,32,4.7,0.319,7758.17
2023-01-26,Electronics,Chennai,78732.42,10,3.3,0.294,1321.67
2023-01-27,Groceries,Delhi,20767.7,16,4.6,0.339,6300.59
2023-01-28,Groceries,Bangalore,51909.21,7,4.1,0.326,2856.86
2023-01-29,Furniture,Bangalore,59649.04,17,4.1,0.111,8544.52
2023-01-30,Electronics,Chennai,5598.59,23,3.8,0.218,9291.0
2023-01-31,Electronics,Mumbai,61146.94,26,4.0,0.379,9964.34
2023-02-01,Mobile Phones,Hyderabad,17881.89,21,3.8,0.138,7980.47
2023-02-02,Mobile Phones,Ahmedabad,7440.11,22,4.1,0.321,7561.97
2023-02-03,Books,Mumbai,94939.67,7,4.3,0.392,2233.46
2023-02-04,Clothing,Mumbai,96597.57,14,4.3,0.116,3426.47
2023-02-05,Groceries,Ahmedabad,81031.34,15,4.1,0.305,4710.26
2023-02-06,Mobile Phones,Bangalore,31156.76,7,4.4,0.24,7756.47
2023-02-07,Home Appliances,Bangalore,10669.54,9,3.3,0.274,9158.16
2023-02-08,Groceries,Chennai,68739.07,48,3.4,0.126,1972.48
2023-02-09,Mobile Phones,Delhi,44575.1,8,4.6,0.113,9231.44
2023-02-10,Home Appliances,Chennai,13081.79,23,3.6,0.3,6986.68
2023-02-11,Books,Hyderabad,50022.51,29,3.0,0.347,6146.63
2023-02-12,Clothing,Hyderabad,4404.46,18,3.3,0.335,2078.43
2023-02-13,Electronics,Kolkata,91022.72,31,3.4,0.263,649.7
2023-02-14,Sports Equipment,Pune,26619.22,30,4.9,0.13,5727.8
2023-02-15,Groceries,Chennai,66589.71,39,4.1,0.306,6550.01
2023-02-16,Electronics,Hyderabad,31859.4,35,4.9,0.173,2186.74
2023-02-17,Home Appliances,Ahmedabad,52486.73,18,4.2,0.373,5608.92
2023-02-18,Mobile Phones,Bangalore,55124.32,42,4.0,0.351,8579.28
2023-02-19,Clothing,Bangalore,19300.59,39,3.6,0.313,8367.15
2023-02-20,Sports Equipment,Mumbai,96988.88,17,4.2,0.385,9280.82
2023-02-21,Furniture,Bangalore,77738.15,14,3.3,0.109,3722.27
2023-02-22,Sports Equipment,Kolkata,94010.4,31,4.8,0.321,3248.69
2023-02-23,Clothing,Mumbai,89587.91,24,4.7,0.199,7519.32
2023-02-24,Mobile Phones,Kolkata,60192.1,35,3.6,0.372,4368.01
2023-02-25,Clothing,Kolkata,92265.55,44,4.9,0.18,966.73
2023-02-26,Home Appliances,Ahmedabad,9760.76,45,4.7,0.317,2899.73
2023-02-27,Books,Bangalore,20402.3,34,4.3,0.363,4243.96
2023-02-28,Mobile Phones,Pune,5477.5,3,3.2,0.112,2995.91
2023-03-01,Groceries,Chennai,33207.7,37,4.0,0.219,3388.84
2023-03-02,Mobile Phones,Delhi,39479.05,43,4.0,0.329,3008.38
2023-03-03,Mobile Phones,Bangalore,27863.55,40,3.5,0.236,510.84
2023-03-04,Groceries,Kolkata,83045.01,26,3.2,0.18,6407.24
2023-03-05,Mobile Phones,Hyderabad,36318.58,23,4.6,0.166,6013.19
2023-03-06,Mobile Phones,Ahmedabad,28812.52,44,3.2,0.139,6568.5
2023-03-07,Books,Kolkata,54726.91,39,4.2,0.357,2003.87
2023-03-08,Electronics,Kolkata,14951.5,15,4.9,0.273,3026.98
2023-03-09,Clothing,Kolkata,80417.5,49,4.8,0.123,6234.2
2023-03-10,Groceries,Kolkata,8380.51,4,3.6,0.215,6036.31
2023-03-11,Sports Equipment,Chennai,98701.81,29,4.7,0.21,5112.67
2023-03-12,Sports Equipment,Chennai,77452.23,22,3.0,0.155,3569.09
2023-03-13,Electronics,Ahmedabad,20672.85,25,3.0,0.231,9138.02
2023-03-14,Electronics,Pune,1546.69,13,4.2,0.2,3463.73
2023-03-15,Furniture,Bangalore,81730.68,18,3.7,0.203,4610.63
2023-03-16,Sports Equipment,Hyderabad,70978.88,33,3.8,0.322,6813.33
2023-03-17,Electronics,Chennai,73171.71,16,4.1,0.167,5475.91
2023-03-18,Books,Mumbai,77355.76,45,3.4,0.293,3534.17
2023-03-19,Home Appliances,Ahmedabad,8330.42,42,3.4,0.271,4412.88
2023-03-20,Mobile Phones,Ahmedabad,36488.11,44,4.0,0.27,7965.36
2023-03-21,Clothing,Hyderabad,12471.04,2,4.5,0.299,2853.48
2023-03-22,Books,Pune,86447.24,35,4.2,0.265,1508.33
2023-03-23,Clothing,Ahmedabad,62706.51,42,3.6,0.364,3200.32
2023-03-24,Sports Equipment,Bangalore,33758.9,34,3.9,0.303,8510.39
2023-03-25,Electronics,Chennai,7292.28,30,3.3,0.264,981.0
2023-03-26,Sports Equipment,Chennai,31787.25,13,3.1,0.349,9917.79
2023-03-27,Groceries,Pune,33193.15,13,4.6,0.282,5455.93
2023-03-28,Furniture,Hyderabad,73231.01,18,3.5,0.187,9849.97
2023-03-29,Clothing,Ahmedabad,64118.19,32,3.4,0.162,9396.06
2023-03-30,Furniture,Hyderabad,88834.06,32,4.4,0.146,4582.86
2023-03-31,Home Appliances,Bangalore,47749.28,35,4.2,0.37,2065.06
2023-04-01,Groceries,Pune,12839.83,39,4.3,0.313,1732.36
2023-04-02,Electronics,Pune,71611.23,46,3.5,0.381,2475.89
2023-04-03,Mobile Phones,Kolkata,76317.72,29,3.5,0.281,7130.31
2023-04-04,Groceries,Hyderabad,56566.44,49,3.4,0.242,2802.2
2023-04-05,Furniture,Mumbai,77325.75,29,3.3,0.118,3480.11
2023-04-06,Mobile Phones,Chennai,49885.76,44,4.3,0.301,4542.91
2023-04-07,Furniture,Kolkata,52750.55,16,4.7,0.275,9141.0
2023-04-08,Clothing,Hyderabad,43326.56,44,4.4,0.397,1974.99
2023-04-09,Furniture,Ahmedabad,3516.49,47,4.6,0.172,149.76
2023-04-10,Furniture,Pune,11681.25,10,3.8,0.259,694.95
2023-04-11,Home Appliances,Ahmedabad,4111.49,30,4.3,0.295,9057.19
2023-04-12,Mobile Phones,Ahmedabad,64004.63,25,3.7,0.293,6510.41
2023-04-13,Mobile Phones,Hyderabad,32121.24,39,4.1,0.268,2803.1
2023-04-14,Groceries,Ahmedabad,51348.5,20,4.0,0.333,1854.21
2023-04-15,Mobile Phones,Ahmedabad,90849.08,5,3.4,0.161,3013.24
2023-04-16,Groceries,Hyderabad,25679.93,1,3.8,0.318,1236.49
2023-04-17,Groceries,Pune,41627.91,30,4.9,0.286,9421.18
2023-04-18,Home Appliances,Ahmedabad,75799.56,49,3.5,0.369,7863.64
2023-04-19,Books,Kolkata,23651.02,3,3.3,0.354,4677.67
2023-04-20,Home Appliances,Bangalore,8621.01,45,3.8,0.195,8663.13
2023-04-21,Sports Equipment,Bangalore,29685.39,14,4.6,0.183,2569.64
2023-04-22,Electronics,Kolkata,16960.91,30,4.2,0.394,7199.49
2023-04-23,Books,Pune,93040.07,4,4.4,0.258,8575.71
2023-04-24,Electronics,Kolkata,81003.92,18,3.4,0.372,3632.01
2023-04-25,Furniture,Pune,63706.97,37,4.2,0.149,7598.9
2023-04-26,Electronics,Hyderabad,87274.6,25,3.6,0.293,3021.22
2023-04-27,Mobile Phones,Bangalore,80563.54,48,4.7,0.343,3058.69
2023-04-28,Electronics,Mumbai,19470.44,1,4.3,0.384,1159.87
2023-04-29,Sports Equipment,Chennai,89363.34,46,3.4,0.201,4456.57
2023-04-30,Home Appliances,Chennai,54394.88,15,3.1,0.317,7324.15
2023-05-01,Electronics,Hyderabad,80936.58,9,3.1,0.262,9408.19
2023-05-02,Books,Mumbai,89713.04,15,3.7,0.118,6077.59
2023-05-03,Furniture,Ahmedabad,32482.34,49,3.5,0.307,8645.04
2023-05-04,Groceries,Chennai,11895.14,24,4.3,0.307,8242.7
2023-05-05,Sports Equipment,Mumbai,23565.58,4,4.0,0.379,1816.1
2023-05-06,Clothing,Chennai,43283.67,12,3.5,0.249,4909.59
2023-05-07,Mobile Phones,Bangalore,81983.46,37,3.3,0.169,1257.54
2023-05-08,Furniture,Ahmedabad,86212.33,37,3.3,0.113,6853.32
2023-05-09,Electronics,Delhi,1688.26,43,4.7,0.225,9504.01
2023-05-10,Books,Hyderabad,51563.98,6,3.5,0.191,1457.19
2023-05-11,Groceries,Hyderabad,42323.69,39,4.3,0.328,7365.44
2023-05-12,Electronics,Bangalore,22988.67,46,4.6,0.206,6359.16
2023-05-13,Home Appliances,Kolkata,12866.67,24,4.2,0.385,5877.69
2023-05-14,Groceries,Hyderabad,34423.9,11,4.7,0.389,3962.19
2023-05-15,Clothing,Pune,94348.06,13,3.8,0.286,3615.8
2023-05-16,Books,Hyderabad,32997.09,34,4.9,0.379,547.97
2023-05-17,Home Appliances,Hyderabad,52360.27,25,3.3,0.328,2257.3
2023-05-18,Groceries,Mumbai,70598.88,7,3.2,0.264,250.25
2023-05-19,Groceries,Chennai,36999.33,4,4.3,0.154,5856.03
2023-05-20,Books,Ahmedabad,97206.43,8,4.9,0.238,1147.95
2023-05-21,Groceries,Ahmedabad,96282.28,20,4.6,0.268,8742.89
2023-05-22,Furniture,Ahmedabad,25926.45,29,3.2,0.359,5279.12
2023-05-23,Sports Equipment,Hyderabad,50227.6,45,3.6,0.244,7026.93
2023-05-24,Books,Bangalore,30786.95,46,4.9,0.369,4167.49
2023-05-25,Clothing,Hyderabad,29199.21,10,3.5,0.302,5649.74
2023-05-26,Home Appliances,Delhi,4651.81,43,4.6,0.141,9432.33
2023-05-27,Electronics,Chennai,61346.87,34,4.7,0.398,919.07
2023-05-28,Sports Equipment,Mumbai,50765.22,26,4.0,0.258,2613.98
2023-05-29,Furniture,Hyderabad,6096.4,41,3.8,0.218,7821.88
2023-05-30,Books,Ahmedabad,28586.0,49,3.9,0.298,1077.5
2023-05-31,Electronics,Ahmedabad,90918.32,3,3.5,0.133,849.04
2023-06-01,Mobile Phones,Kolkata,24716.63,6,4.8,0.291,3679.26
2023-06-02,Furniture,Mumbai,15344.59,5,3.9,0.249,1012.46
2023-06-03,Groceries,Pune,49455.82,5,4.8,0.222,5892.28
2023-06-04,Groceries,Ahmedabad,98579.39,47,3.2,0.386,2340.12
2023-06-05,Furniture,Mumbai,24963.47,23,5.0,0.257,8967.41
2023-06-06,Electronics,Pune,67541.42,49,3.9,0.166,7856.65
2023-06-07,Sports Equipment,Hyderabad,76400.34,9,3.1,0.238,7027.08
2023-06-08,Furniture,Hyderabad,24526.12,35,3.1,0.376,6207.75
2023-06-09,Groceries,Mumbai,73093.42,20,4.5,0.153,8648.31
2023-06-10,Electronics,Bangalore,37410.53,49,4.3,0.164,2308.31
2023-06-11,Groceries,Hyderabad,63598.28,42,4.6,0.104,8743.78
2023-06-12,Books,Pune,63719.44,35,3.2,0.104,7915.97
2023-06-13,Home Appliances,Chennai,54041.69,18,3.1,0.349,7506.79
2023-06-14,Mobile Phones,Delhi,9938.69,17,4.0,0.32,5656.43
2023-06-15,Electronics,Delhi,83694.95,24,3.8,0.207,2537.82
2023-06-16,Books,Kolkata,32757.23,3,3.9,0.309,4293.12
2023-06-17,Home Appliances,Ahmedabad,19465.33,32,5.0,0.219,7956.35
2023-06-18,Books,Ahmedabad,5036.74,35,4.9,0.386,414.61
2023-06-19,Mobile Phones,Delhi,59498.4,38,4.9,0.39,7842.3
2023-06-20,Mobile Phones,Pune,68078.87,13,4.6,0.218,2476.7
2023-06-21,Books,Bangalore,2642.2,47,3.7,0.356,1528.66
2023-06-22,Books,Delhi,51697.21,25,3.8,0.332,1245.44
2023-06-23,Books,Pune,23423.08,9,4.1,0.193,369.78
2023-06-24,Mobile Phones,Pune,64872.11,4,4.7,0.17,5283.51
2023-06-25,Groceries,Pune,18262.28,14,3.1,0.237,2260.77
2023-06-26,Furniture,Delhi,69402.84,37,3.8,0.334,9895.37
2023-06-27,Clothing,Ahmedabad,39286.8,34,3.2,0.388,5786.92
2023-06-28,Mobile Phones,Bangalore,93736.27,11,4.0,0.329,1465.06
2023-06-29,Books,Pune,14614.57,41,4.8,0.357,6918.75
2023-06-30,Books,Ahmedabad,34765.57,3,4.6,0.281,8987.66
2023-07-01,Electronics,Pune,12233.88,28,3.5,0.351,7477.28
2023-07-02,Books,Pune,92544.67,29,5.0,0.335,856.75
2023-07-03,Mobile Phones,Chennai,87856.6,9,4.3,0.213,8969.25
2023-07-04,Home Appliances,Kolkata,26536.22,3,3.0,0.266,7959.9
2023-07-05,Sports Equipment,Pune,66338.42,25,3.5,0.341,1667.21
2023-07-06,Electronics,Kolkata,81905.0,34,3.5,0.114,612.68
2023-07-07,Mobile Phones,Chennai,55964.88,12,3.1,0.342,5617.37
2023-07-08,Sports Equipment,Mumbai,53435.41,42,4.9,0.153,1644.75
2023-07-09,Furniture,Bangalore,24943.38,9,4.0,0.254,8362.45
2023-07-10,Books,Hyderabad,10217.17,15,4.8,0.342,3647.51
2023-07-11,Furniture,Mumbai,89824.36,40,3.6,0.176,9137.64
2023-07-12,Books,Hyderabad,90141.39,25,3.3,0.174,5700.31
2023-07-13,Furniture,Mumbai,63677.04,5,3.9,0.221,1908.46
2023-07-14,Books,Pune,34563.95,11,3.2,0.368,1482.03
2023-07-15,Groceries,Hyderabad,35571.75,34,4.0,0.1,5807.08
2023-07-16,Mobile Phones,Pune,72869.61,24,4.8,0.37,7642.65
2023-07-17,Furniture,Mumbai,89813.92,15,4.0,0.146,7836.91
2023-07-18,Groceries,Hyderabad,88821.56,38,4.2,0.397,2830.0
2023-07-19,Sports Equipment,Pune,78207.68,8,3.3,0.386,2122.04
2023-07-20,Books,Kolkata,64561.13,5,3.1,0.248,265.89
2023-07-21,Home Appliances,Delhi,9329.86,48,3.2,0.254,6824.07
2023-07-22,Furniture,Chennai,17001.24,26,4.2,0.244,858.03
2023-07-23,Clothing,Chennai,89956.86,18,3.2,0.291,4265.54
2023-07-24,Mobile Phones,Delhi,61036.48,6,3.8,0.127,6056.65
2023-07-25,Furniture,Bangalore,1910.51,37,4.1,0.11,9377.38
2023-07-26,Clothing,Mumbai,11045.68,48,3.8,0.117,3186.84
2023-07-27,Home Appliances,Mumbai,66686.68,13,3.3,0.233,2572.74
2023-07-28,Books,Kolkata,1501.1,28,3.5,0.183,6576.19
2023-07-29,Sports Equipment,Ahmedabad,16920.0,5,4.9,0.287,6230.47
2023-07-30,Books,Chennai,55324.65,13,4.4,0.398,3387.89
2023-07-31,Electronics,Bangalore,69497.62,17,4.0,0.216,9288.21
2023-08-01,Clothing,Pune,65544.16,40,3.0,0.272,8464.14
2023-08-02,Furniture,Hyderabad,23202.66,45,5.0,0.225,2317.43
2023-08-03,Mobile Phones,Bangalore,71505.74,32,4.3,0.354,2467.51
2023-08-04,Clothing,Ahmedabad,24487.66,29,3.6,0.371,5171.77
2023-08-05,Books,Bangalore,33214.57,3,4.8,0.363,7758.36
2023-08-06,Books,Hyderabad,74902.65,40,3.5,0.392,536.0
2023-08-07,Groceries,Chennai,65313.66,34,4.1,0.108,6964.02
2023-08-08,Mobile Phones,Bangalore,85073.12,40,4.3,0.352,6517.54
2023-08-09,Groceries,Chennai,66103.68,27,3.4,0.326,2391.65
2023-08-10,Clothing,Mumbai,57262.55,13,5.0,0.169,6845.39
2023-08-11,Books,Bangalore,10273.8,45,4.5,0.387,9407.81
2023-08-12,Home Appliances,Pune,37403.86,33,4.1,0.144,563.18
2023-08-13,Clothing,Hyderabad,27255.03,6,3.4,0.304,3264.56
2023-08-14,Sports Equipment,Pune,25154.97,24,3.1,0.167,4437.95
2023-08-15,Groceries,Hyderabad,97328.04,19,3.6,0.229,9002.68
2023-08-16,Books,Bangalore,39916.67,16,4.5,0.316,9626.39
2023-08-17,Home Appliances,Kolkata,89312.61,40,3.5,0.269,4496.74
2023-08-18,Groceries,Hyderabad,63482.72,28,4.1,0.228,7525.28
2023-08-19,Clothing,Ahmedabad,79686.32,33,4.5,0.198,5363.44
2023-08-20,Home Appliances,Mumbai,50761.07,48,3.2,0.352,5424.05
2023-08-21,Clothing,Chennai,58113.48,41,4.4,0.143,2853.19
2023-08-22,Furniture,Mumbai,49759.25,13,3.2,0.229,2247.87
2023-08-23,Mobile Phones,Hyderabad,20329.06,43,4.9,0.371,2951.25
2023-08-24,Sports Equipment,Ahmedabad,72522.76,45,4.0,0.354,5607.65
2023-08-25,Mobile Phones,Hyderabad,28796.46,25,3.3,0.22,388.64
2023-08-26,Furniture,Mumbai,3407.28,42,3.7,0.329,9081.76
2023-08-27,Mobile Phones,Mumbai,64901.76,36,3.8,0.347,1647.21
2023-08-28,Electronics,Kolkata,18533.96,27,4.5,0.367,2278.88
2023-08-29,Furniture,Ahmedabad,94105.4,38,4.5,0.263,5230.93
2023-08-30,Books,Mumbai,95438.93,7,4.2,0.161,7130.14
2023-08-31,Clothing,Bangalore,91571.57,5,3.2,0.177,1047.72
2023-09-01,Sports Equipment,Chennai,37645.71,43,3.3,0.189,3245.18
2023-09-02,Books,Bangalore,2530.21,45,3.2,0.278,9689.88
2023-09-03,Furniture,Hyderabad,92903.54,31,4.2,0.11,2697.2
2023-09-04,Books,Mumbai,43390.23,23,4.8,0.291,3199.2
2023-09-05,Sports Equipment,Chennai,96698.83,42,3.9,0.209,8381.34
2023-09-06,Home Appliances,Chennai,96398.38,10,3.3,0.189,597.12
2023-09-07,Sports Equipment,Kolkata,85447.94,32,4.1,0.364,4699.67
2023-09-08,Clothing,Hyderabad,30150.44,43,4.6,0.238,3858.21
2023-09-09,Furniture,Bangalore,39124.68,30,4.5,0.129,3234.21
2023-09-10,Clothing,Bangalore,85262.53,39,4.8,0.348,2928.43
2023-09-11,Sports Equipment,Bangalore,32375.28,31,3.6,0.114,1004.6
2023-09-12,Mobile Phones,Kolkata,17779.78,18,3.4,0.318,3216.78
2023-09-13,Sports Equipment,Kolkata,56123.32,36,4.8,0.332,526.22
2023-09-14,Books,Hyderabad,93679.32,2,4.3,0.206,7831.54
2023-09-15,Books,Ahmedabad,69906.95,14,3.6,0.347,4042.46
2023-09-16,Clothing,Mumbai,57436.06,13,4.5,0.255,4494.65
2023-09-17,Electronics,Mumbai,10620.47,29,4.6,0.239,8946.59
2023-09-18,Books,Hyderabad,61885.72,12,4.2,0.114,6614.74
2023-09-19,Mobile Phones,Chennai,99015.33,39,4.4,0.187,179.79
2023-09-20,Groceries,Pune,14868.32,2,3.8,0.379,9437.43
2023-09-21,Books,Ahmedabad,52314.64,32,4.1,0.218,2447.73
2023-09-22,Sports Equipment,Delhi,87859.93,13,4.0,0.264,1165.38
2023-09-23,Home Appliances,Delhi,74336.09,46,4.7,0.26,7704.47
2023-09-24,Electronics,Ahmedabad,70004.56,27,4.7,0.277,5054.73
2023-09-25,Electronics,Kolkata,70545.92,49,4.7,0.118,4394.33
2023-09-26,Groceries,Pune,36589.62,41,3.0,0.209,2570.08
2023-09-27,Groceries,Mumbai,30065.59,17,4.5,0.317,5519.97
2023-09-28,Home Appliances,Hyderabad,81126.75,40,4.5,0.16,2816.41
2023-09-29,Furniture,Kolkata,81201.23,31,4.4,0.161,9025.67
2023-09-30,Mobile Phones,Bangalore,86840.16,34,4.5,0.103,2230.52
2023-10-01,Home Appliances,Mumbai,91410.81,24,4.7,0.231,8855.12
2023-10-02,Groceries,Hyderabad,51622.9,45,3.9,0.365,5638.11
2023-10-03,Groceries,Bangalore,50650.11,35,4.0,0.116,8302.03
2023-10-04,Electronics,Chennai,80031.22,48,3.2,0.157,7157.18
2023-10-05,Books,Chennai,65346.43,6,3.8,0.193,6997.28
2023-10-06,Clothing,Ahmedabad,70494.72,19,4.3,0.32,3311.02
2023-10-07,Home Appliances,Bangalore,79783.47,30,4.6,0.292,2415.58
2023-10-08,Clothing,Pune,89110.53,7,3.4,0.225,2187.77
2023-10-09,Groceries,Ahmedabad,34461.52,10,3.3,0.328,8586.2
2023-10-10,Mobile Phones,Mumbai,38182.71,41,4.3,0.283,8222.23
2023-10-11,Mobile Phones,Chennai,10304.21,32,3.0,0.369,4461.68
2023-10-12,Groceries,Mumbai,58249.73,34,3.4,0.345,1410.81
2023-10-13,Clothing,Ahmedabad,4558.29,28,3.1,0.176,3884.3
2023-10-14,Books,Delhi,47094.2,15,3.3,0.181,6231.5
2023-10-15,Home Appliances,Ahmedabad,54721.82,30,3.4,0.138,4598.59
2023-10-16,Home Appliances,Kolkata,29367.58,37,3.8,0.201,7823.87
2023-10-17,Electronics,Delhi,59492.49,29,3.8,0.4,9976.47
2023-10-18,Home Appliances,Kolkata,4019.52,22,4.7,0.222,1992.21
2023-10-19,Books,Mumbai,4697.47,4,4.0,0.166,4650.54
2023-10-20,Electronics,Kolkata,82437.46,20,4.4,0.329,4366.74
2023-10-21,Books,Bangalore,36658.87,32,3.2,0.263,3114.48
2023-10-22,Home Appliances,Ahmedabad,13578.99,36,3.5,0.145,2061.15
2023-10-23,Groceries,Mumbai,52702.08,4,4.4,0.214,750.35
2023-10-24,Groceries,Pune,77229.36,27,3.1,0.224,8882.48
2023-10-25,Furniture,Delhi,22366.28,17,4.0,0.326,4256.5
2023-10-26,Mobile Phones,Bangalore,62666.16,12,4.2,0.106,5019.27
2023-10-27,Clothing,Hyderabad,9449.4,22,4.2,0.181,9177.73
2023-10-28,Clothing,Kolkata,6116.49,17,3.0,0.255,7785.28
2023-10-29,Clothing,Bangalore,53604.11,10,3.6,0.181,1391.96
2023-10-30,Electronics,Kolkata,54522.88,1,4.3,0.289,5697.66
2023-10-31,Mobile Phones,Ahmedabad,64105.56,22,3.3,0.245,4478.3
2023-11-01,Books,Bangalore,72883.04,26,4.4,0.209,7992.39
2023-11-02,Mobile Phones,Chennai,97609.36,18,4.5,0.385,7269.9
2023-11-03,Electronics,Chennai,52113.73,14,5.0,0.29,6935.02
2023-11-04,Furniture,Bangalore,32972.69,47,3.4,0.139,3471.39
2023-11-05,Clothing,Hyderabad,79723.43,29,4.7,0.268,8069.14
2023-11-06,Electronics,Kolkata,27812.39,12,4.0,0.334,618.67
2023-11-07,Electronics,Chennai,44458.17,36,3.7,0.313,1680.29
2023-11-08,Electronics,Mumbai,8767.18,35,3.2,0.152,3422.67
2023-11-09,Clothing,Bangalore,3509.72,12,4.5,0.392,860.39
2023-11-10,Mobile Phones,Mumbai,96302.19,7,3.5,0.235,2426.44
2023-11-11,Groceries,Delhi,83762.03,29,3.7,0.148,8318.49
2023-11-12,Furniture,Kolkata,69901.45,11,3.1,0.154,9487.69
2023-11-13,Furniture,Delhi,41486.34,33,4.6,0.129,3115.56
2023-11-14,Groceries,Pune,18156.14,6,4.5,0.341,2718.71
2023-11-15,Home Appliances,Ahmedabad,16487.27,47,4.5,0.137,2870.94
2023-11-16,Sports Equipment,Bangalore,25774.05,15,3.6,0.138,2849.42
2023-11-17,Groceries,Pune,55373.44,32,3.3,0.355,455.71
2023-11-18,Furniture,Chennai,71745.0,11,4.3,0.203,9276.47
2023-11-19,Home Appliances,Hyderabad,66359.54,23,4.0,0.109,2215.61
2023-11-20,Sports Equipment,Hyderabad,28713.46,26,3.4,0.116,4258.04
2023-11-21,Electronics,Hyderabad,95531.66,34,4.4,0.143,195.9
2023-11-22,Books,Bangalore,74051.79,46,5.0,0.164,8593.76
2023-11-23,Mobile Phones,Delhi,55881.05,34,4.5,0.3,7338.46
2023-11-24,Books,Mumbai,61560.35,29,4.5,0.147,9472.88
2023-11-25,Electronics,Delhi,42540.41,4,4.9,0.136,7837.99
2023-11-26,Sports Equipment,Kolkata,25525.37,17,3.4,0.329,3205.69
2023-11-27,Electronics,Kolkata,36241.3,35,4.1,0.301,2553.95
2023-11-28,Clothing,Chennai,76026.76,13,5.0,0.231,7007.39
2023-11-29,Home Appliances,Delhi,2424.96,41,3.3,0.265,3704.72
2023-11-30,Clothing,Ahmedabad,12491.19,39,4.4,0.194,5705.53
2023-12-01,Sports Equipment,Bangalore,5554.26,15,4.2,0.245,161.95
2023-12-02,Clothing,Mumbai,5032.15,29,4.2,0.252,712.67
2023-12-03,Clothing,Ahmedabad,85690.6,29,4.4,0.216,5400.14
2023-12-04,Groceries,Hyderabad,70662.13,11,4.9,0.372,5704.11
2023-12-05,Electronics,Kolkata,47943.21,32,4.6,0.105,7539.38
2023-12-06,Sports Equipment,Chennai,10685.58,2,3.1,0.335,1406.46
2023-12-07,Home Appliances,Pune,49669.97,47,4.7,0.137,5180.51
2023-12-08,Mobile Phones,Mumbai,47873.71,14,3.5,0.339,2025.03
2023-12-09,Groceries,Delhi,18146.99,20,3.8,0.285,1022.64
2023-12-10,Furniture,Kolkata,43951.31,22,3.9,0.353,4163.91
2023-12-11,Clothing,Mumbai,40451.97,11,4.0,0.129,1717.03
2023-12-12,Electronics,Chennai,61969.16,27,3.9,0.268,2295.64
2023-12-13,Home Appliances,Mumbai,63874.27,3,4.9,0.25,3243.79
2023-12-14,Books,Hyderabad,5485.1,17,4.4,0.312,2667.95
2023-12-15,Clothing,Delhi,38086.65,44,4.3,0.26,967.15
2023-12-16,Home Appliances,Hyderabad,62960.13,28,3.1,0.262,990.17
2023-12-17,Books,Kolkata,50810.49,29,4.8,0.229,2013.17
2023-12-18,Furniture,Ahmedabad,85792.49,21,4.8,0.193,600.54
2023-12-19,Electronics,Delhi,66210.67,47,4.6,0.245,6301.92
2023-12-20,Electronics,Hyderabad,17130.51,16,3.0,0.136,2944.53
2023-12-21,Groceries,Kolkata,7986.31,37,3.1,0.388,2869.49
2023-12-22,Mobile Phones,Mumbai,64599.51,20,3.5,0.314,3386.78
2023-12-23,Electronics,Delhi,3624.62,6,3.3,0.386,6661.68
2023-12-24,Furniture,Hyderabad,58991.78,19,3.8,0.168,8719.28
2023-12-25,Books,Chennai,94082.79,5,4.8,0.364,7614.96
2023-12-26,Clothing,Hyderabad,57971.94,3,3.9,0.343,7302.54
2023-12-27,Clothing,Pune,39428.82,1,3.0,0.303,4895.47
2023-12-28,Mobile Phones,Delhi,64685.53,38,3.6,0.288,6968.68
2023-12-29,Clothing,Delhi,46367.04,15,3.1,0.195,5572.35
2023-12-30,Home Appliances,Kolkata,55016.06,34,3.1,0.345,2240.88
2023-12-31,Home Appliances,Pune,94205.02,35,3.6,0.25,2165.02
2024-01-01,Clothing,Hyderabad,39224.16,49,3.6,0.121,3034.28
2024-01-02,Groceries,Kolkata,96157.87,25,4.6,0.194,9116.95
2024-01-03,Sports Equipment,Kolkata,90629.71,24,4.9,0.381,5519.41
2024-01-04,Mobile Phones,Bangalore,20383.32,12,3.7,0.355,7365.66
2024-01-05,Mobile Phones,Bangalore,7866.77,18,3.9,0.395,3530.93
2024-01-06,Furniture,Bangalore,10977.02,15,4.7,0.288,4136.39
2024-01-07,Books,Mumbai,2803.96,44,3.5,0.174,1343.1
2024-01-08,Mobile Phones,Delhi,10349.85,16,3.3,0.149,1795.82
2024-01-09,Electronics,Chennai,68617.67,27,4.7,0.156,8290.83
2024-01-10,Sports Equipment,Chennai,8047.68,8,3.1,0.106,5889.9
2024-01-11,Sports Equipment,Ahmedabad,32578.59,46,4.2,0.217,3441.57
2024-01-12,Clothing,Kolkata,84642.66,25,4.1,0.157,8048.23
2024-01-13,Sports Equipment,Mumbai,3303.92,17,3.7,0.223,2540.55
2024-01-14,Mobile Phones,Mumbai,81632.38,29,3.6,0.38,9762.72
2024-01-15,Groceries,Ahmedabad,28903.62,8,4.5,0.229,3513.69
2024-01-16,Books,Hyderabad,12698.32,15,3.2,0.363,3439.38
2024-01-17,Mobile Phones,Kolkata,69976.98,27,3.5,0.282,3187.93
2024-01-18,Clothing,Pune,63265.34,46,4.5,0.174,1308.9
2024-01-19,Electronics,Kolkata,87869.73,7,4.1,0.207,1200.26
2024-01-20,Electronics,Delhi,73772.03,3,3.3,0.125,6516.24
2024-01-21,Groceries,Bangalore,80544.61,29,4.8,0.2,8763.67
2024-01-22,Sports Equipment,Mumbai,28921.42,44,3.8,0.303,7926.15
2024-01-23,Books,Bangalore,18566.51,24,4.7,0.122,1496.97
2024-01-24,Home Appliances,Delhi,75310.86,3,4.6,0.162,5501.26
2024-01-25,Mobile Phones,Bangalore,80876.64,20,4.2,0.214,1145.36
2024-01-26,Sports Equipment,Bangalore,99060.01,46,4.0,0.395,548.42
2024-01-27,Mobile Phones,Pune,41849.15,15,5.0,0.335,6598.22
2024-01-28,Mobile Phones,Ahmedabad,37829.79,25,3.3,0.32,5398.01
2024-01-29,Mobile Phones,Chennai,77864.88,30,4.5,0.135,912.03
2024-01-30,Groceries,Ahmedabad,34739.55,14,3.4,0.334,445.9
2024-01-31,Furniture,Mumbai,93144.98,7,3.7,0.336,9898.59
2024-02-01,Books,Pune,85982.86,17,3.6,0.28,397.21
2024-02-02,Groceries,Ahmedabad,43470.41,44,4.9,0.397,4500.83
2024-02-03,Clothing,Bangalore,75336.24,20,4.9,0.198,5095.73
2024-02-04,Sports Equipment,Pune,75699.74,36,3.4,0.382,1261.07
2024-02-05,Sports Equipment,Hyderabad,11209.26,9,3.0,0.374,1773.71
2024-02-06,Electronics,Chennai,90352.74,38,4.4,0.103,3582.87
2024-02-07,Furniture,Kolkata,51019.98,48,3.8,0.235,7640.59
2024-02-08,Sports Equipment,Hyderabad,82819.29,22,3.2,0.393,5120.12
2024-02-09,Furniture,Bangalore,32684.91,2,4.4,0.131,6415.23
2024-02-10,Furniture,Kolkata,89656.8,24,4.1,0.264,9853.23
2024-02-11,Home Appliances,Bangalore,39530.97,8,5.0,0.394,7703.25
2024-02-12,Mobile Phones,Chennai,2072.93,11,3.5,0.267,4400.18
2024-02-13,Groceries,Delhi,90632.82,13,3.8,0.157,4519.78
2024-02-14,Electronics,Delhi,10037.38,17,4.1,0.275,6225.84
2024-02-15,Furniture,Bangalore,32612.05,8,4.6,0.161,6687.12
2024-02-16,Books,Kolkata,95056.13,21,4.1,0.256,5057.04
2024-02-17,Furniture,Kolkata,95110.11,18,4.2,0.122,6484.13
2024-02-18,Clothing,Mumbai,57770.35,30,3.5,0.282,332.97
2024-02-19,Books,Kolkata,63551.88,18,4.7,0.255,4353.27
2024-02-20,Mobile Phones,Ahmedabad,45396.11,46,3.9,0.322,2861.49
2024-02-21,Electronics,Hyderabad,30027.87,47,3.3,0.289,1378.83
2024-02-22,Groceries,Kolkata,33537.79,31,4.3,0.265,1085.51
2024-02-23,Mobile Phones,Ahmedabad,67579.33,38,3.4,0.307,6071.6
2024-02-24,Electronics,Mumbai,75485.08,32,3.2,0.143,5283.65
2024-02-25,Books,Delhi,79366.33,11,4.7,0.279,2610.48
2024-02-26,Sports Equipment,Hyderabad,79172.2,45,3.9,0.152,4762.41
2024-02-27,Clothing,Kolkata,10029.4,25,4.5,0.378,4973.1
2024-02-28,Sports Equipment,Delhi,49947.61,33,3.6,0.121,2030.59
2024-02-29,Home Appliances,Pune,6698.32,38,4.6,0.229,6555.72
2024-03-01,Electronics,Bangalore,55403.36,41,3.2,0.309,7831.1
2024-03-02,Groceries,Hyderabad,44711.52,8,3.7,0.237,7935.49
2024-03-03,Furniture,Pune,88882.71,11,5.0,0.128,6064.45
2024-03-04,Home Appliances,Bangalore,35740.59,22,4.6,0.266,5165.22
2024-03-05,Mobile Phones,Hyderabad,12589.63,24,4.0,0.292,703.97
2024-03-06,Mobile Phones,Kolkata,15156.18,41,3.7,0.311,2949.53
2024-03-07,Sports Equipment,Hyderabad,76389.55,17,4.7,0.212,1023.39
2024-03-08,Books,Ahmedabad,62203.59,12,4.1,0.269,9641.85
2024-03-09,Home Appliances,Ahmedabad,11011.14,46,4.5,0.235,1437.29
2024-03-10,Furniture,Bangalore,9326.57,32,4.5,0.302,1602.58
2024-03-11,Books,Hyderabad,70395.94,15,3.0,0.275,8906.81
2024-03-12,Electronics,Bangalore,8203.54,16,3.3,0.258,9444.89
2024-03-13,Furniture,Mumbai,82364.15,22,4.3,0.175,7681.71
2024-03-14,Groceries,Pune,70917.98,28,3.3,0.101,153.51
2024-03-15,Home Appliances,Mumbai,9053.53,20,3.5,0.152,113.33
2024-03-16,Electronics,Pune,9398.93,33,4.9,0.135,3843.2
2024-03-17,Books,Chennai,98677.32,10,4.1,0.235,1519.61
2024-03-18,Groceries,Pune,38052.81,40,4.5,0.284,282.02
2024-03-19,Electronics,Ahmedabad,37693.57,32,4.1,0.164,4694.26
2024-03-20,Home Appliances,Chennai,81467.16,33,4.1,0.382,9436.31
2024-03-21,Clothing,Chennai,94777.61,2,3.2,0.102,3305.81
2024-03-22,Home Appliances,Mumbai,98614.11,33,3.7,0.332,6645.29
2024-03-23,Sports Equipment,Bangalore,75584.44,33,3.6,0.288,6557.13
2024-03-24,Home Appliances,Pune,38249.7,41,3.8,0.212,2585.69
2024-03-25,Groceries,Chennai,9266.57,13,4.6,0.115,6539.21
2024-03-26,Mobile Phones,Delhi,77937.54,30,3.7,0.288,2202.11
2024-03-27,Clothing,Mumbai,56282.02,33,3.9,0.216,1307.87
2024-03-28,Electronics,Chennai,42997.98,13,3.8,0.381,7043.69
2024-03-29,Furniture,Mumbai,90729.08,26,3.2,0.263,1223.06
2024-03-30,Furniture,Ahmedabad,12008.55,22,3.9,0.382,9969.4
2024-03-31,Home Appliances,Chennai,49769.89,39,3.4,0.166,1916.18
2024-04-01,Electronics,Ahmedabad,2124.01,2,3.4,0.318,5982.0
2024-04-02,Groceries,Hyderabad,47397.4,38,3.2,0.285,4172.61
2024-04-03,Electronics,Pune,6574.02,39,3.7,0.322,1351.23
2024-04-04,Groceries,Kolkata,12762.97,26,4.5,0.164,375.65
2024-04-05,Books,Delhi,12635.1,46,3.6,0.299,6265.05
2024-04-06,Sports Equipment,Hyderabad,65271.82,15,3.6,0.249,8086.9
2024-04-07,Mobile Phones,Chennai,74858.44,34,4.3,0.323,8435.96
2024-04-08,Groceries,Bangalore,58753.51,42,3.4,0.198,4878.86
2024-04-09,Electronics,Chennai,96255.08,44,4.8,0.367,7796.81
2024-04-10,Groceries,Delhi,38112.19,49,4.0,0.125,6761.19
2024-04-11,Furniture,Bangalore,29285.5,40,3.9,0.342,7270.12
2024-04-12,Groceries,Hyderabad,86991.31,11,4.1,0.358,4976.73
2024-04-13,Electronics,Hyderabad,23135.99,3,3.3,0.345,6370.78
2024-04-14,Clothing,Hyderabad,96359.03,6,4.2,0.254,8074.71
2024-04-15,Furniture,Delhi,2203.29,9,3.7,0.232,4039.05
2024-04-16,Books,Hyderabad,97018.0,6,4.8,0.399,8079.19
2024-04-17,Home Appliances,Kolkata,5272.83,9,3.3,0.169,5960.97
2024-04-18,Home Appliances,Kolkata,89223.17,39,4.0,0.264,1742.42
2024-04-19,Books,Delhi,53242.41,31,4.2,0.301,344.37
2024-04-20,Clothing,Pune,99303.51,32,3.1,0.31,3691.26
2024-04-21,Furniture,Delhi,8305.86,41,3.7,0.161,5512.29
2024-04-22,Home Appliances,Hyderabad,55831.57,12,4.5,0.296,8414.22
2024-04-23,Electronics,Ahmedabad,96960.95,8,4.6,0.346,1362.11
2024-04-24,Furniture,Mumbai,52786.69,8,3.6,0.115,8022.04
2024-04-25,Mobile Phones,Delhi,63310.47,28,4.6,0.373,8643.79
2024-04-26,Mobile Phones,Hyderabad,69879.12,20,4.9,0.109,1591.81
2024-04-27,Mobile Phones,Delhi,45999.57,47,4.7,0.207,8530.78
2024-04-28,Clothing,Kolkata,63128.25,7,3.2,0.105,9915.39
2024-04-29,Mobile Phones,Mumbai,58847.12,11,4.5,0.123,7295.7
2024-04-30,Electronics,Bangalore,90214.64,20,3.6,0.373,7869.22
2024-05-01,Clothing,Bangalore,5499.19,16,5.0,0.206,9944.71
2024-05-02,Mobile Phones,Pune,28815.36,4,4.0,0.227,6094.26
2024-05-03,Electronics,Bangalore,95090.74,6,3.2,0.165,3148.08
2024-05-04,Home Appliances,Kolkata,89136.11,22,4.5,0.279,8391.56
2024-05-05,Clothing,Hyderabad,46110.02,26,3.6,0.278,6183.41
2024-05-06,Sports Equipment,Ahmedabad,62393.13,3,5.0,0.212,5853.83
2024-05-07,Furniture,Ahmedabad,28460.74,41,5.0,0.2,2610.99
2024-05-08,Books,Delhi,19623.99,42,4.3,0.365,7587.71
2024-05-09,Furniture,Kolkata,46906.14,14,3.3,0.215,908.51
2024-05-10,Mobile Phones,Bangalore,35981.87,11,4.4,0.248,9250.44
2024-05-11,Groceries,Bangalore,58781.96,18,3.2,0.185,3325.65
2024-05-12,Home Appliances,Kolkata,8695.73,12,3.1,0.336,1364.97
2024-05-13,Mobile Phones,Pune,97465.09,23,4.6,0.219,4479.43
2024-05-14,Electronics,Ahmedabad,98634.86,12,3.4,0.254,520.45
2024-05-15,Electronics,Delhi,70118.01,13,3.8,0.176,6877.8
2024-05-16,Clothing,Mumbai,54073.54,25,4.9,0.396,9036.78
2024-05-17,Sports Equipment,Ahmedabad,31643.23,45,3.7,0.187,8388.9
2024-05-18,Mobile Phones,Ahmedabad,81565.71,19,3.6,0.331,1360.96
2024-05-19,Sports Equipment,Hyderabad,68788.39,46,4.8,0.228,1350.08
2024-05-20,Electronics,Mumbai,17099.08,36,3.2,0.162,8153.0
2024-05-21,Electronics,Chennai,91181.79,45,4.5,0.34,9250.12
2024-05-22,Clothing,Pune,82431.19,8,5.0,0.2,4660.63
2024-05-23,Clothing,Chennai,95030.19,29,4.8,0.36,5039.81
2024-05-24,Clothing,Kolkata,72846.23,32,4.3,0.375,3250.79
2024-05-25,Groceries,Mumbai,61728.1,44,3.6,0.358,8953.22
2024-05-26,Electronics,Bangalore,42406.06,18,3.5,0.111,6484.54
2024-05-27,Sports Equipment,Hyderabad,93340.12,6,4.6,0.336,2953.69
2024-05-28,Electronics,Kolkata,86740.33,18,4.8,0.223,3057.95
2024-05-29,Home Appliances,Hyderabad,5476.65,19,4.1,0.362,8922.88
2024-05-30,Mobile Phones,Kolkata,3610.33,22,3.5,0.291,234.98
2024-05-31,Groceries,Delhi,38269.87,37,3.2,0.35,3294.99
2024-06-01,Books,Pune,81244.78,32,3.2,0.25,5588.13
2024-06-02,Home Appliances,Hyderabad,98740.34,41,4.4,0.261,1567.35
2024-06-03,Sports Equipment,Mumbai,15891.27,3,3.8,0.143,1011.78
2024-06-04,Furniture,Pune,59818.94,28,4.8,0.335,8171.24
2024-06-05,Electronics,Ahmedabad,38708.19,10,4.5,0.226,8954.6
2024-06-06,Home Appliances,Delhi,97021.53,35,3.4,0.25,8253.7
2024-06-07,Mobile Phones,Delhi,84369.77,29,4.2,0.336,8998.0
2024-06-08,Books,Delhi,83994.54,15,3.9,0.28,5575.81
2024-06-09,Clothing,Bangalore,47400.62,33,4.2,0.16,8141.36
2024-06-10,Home Appliances,Pune,42067.13,7,4.5,0.277,3902.02
2024-06-11,Mobile Phones,Chennai,28067.3,12,4.6,0.222,6696.05
2024-06-12,Groceries,Pune,6581.17,49,4.7,0.241,9889.47
2024-06-13,Mobile Phones,Bangalore,86607.52,30,3.5,0.108,2334.7
2024-06-14,Furniture,Mumbai,81477.2,21,3.1,0.163,3960.01
2024-06-15,Home Appliances,Chennai,99972.05,31,4.5,0.184,4852.47
2024-06-16,Books,Pune,99667.05,24,3.2,0.314,1466.35
2024-06-17,Books,Hyderabad,55987.74,20,3.6,0.103,902.28
2024-06-18,Mobile Phones,Bangalore,77129.75,37,3.0,0.223,8314.26
2024-06-19,Mobile Phones,Hyderabad,94531.81,4,4.4,0.377,9770.26
2024-06-20,Books,Ahmedabad,85115.09,28,3.3,0.134,4106.78
2024-06-21,Home Appliances,Ahmedabad,25487.46,44,4.3,0.255,967.73
2024-06-22,Mobile Phones,Pune,45603.87,20,5.0,0.336,751.54
2024-06-23,Furniture,Mumbai,13786.78,24,3.1,0.383,8924.05
2024-06-24,Sports Equipment,Ahmedabad,95451.05,49,3.2,0.324,4691.76
2024-06-25,Home Appliances,Chennai,61011.29,32,3.7,0.316,3268.27
2024-06-26,Books,Kolkata,23635.64,41,4.7,0.348,4816.97
2024-06-27,Home Appliances,Ahmedabad,67498.37,36,3.4,0.234,3251.21
2024-06-28,Furniture,Delhi,62194.7,34,3.7,0.342,4941.45
2024-06-29,Clothing,Chennai,36458.11,36,3.1,0.102,8609.61
2024-06-30,Books,Mumbai,12242.2,2,4.5,0.377,5963.78
2024-07-01,Clothing,Ahmedabad,67485.75,15,3.8,0.233,6977.07
2024-07-02,Electronics,Hyderabad,52510.46,34,4.5,0.266,3710.24
2024-07-03,Clothing,Hyderabad,77459.52,36,4.8,0.176,7411.21
2024-07-04,Mobile Phones,Chennai,52496.19,6,3.5,0.323,6699.51
2024-07-05,Books,Hyderabad,85365.97,39,4.6,0.123,1283.66
2024-07-06,Groceries,Hyderabad,55638.78,42,3.1,0.362,5769.16
2024-07-07,Clothing,Pune,56532.86,12,4.8,0.348,2641.76
2024-07-08,Groceries,Kolkata,87788.71,3,4.3,0.165,8060.55
2024-07-09,Sports Equipment,Ahmedabad,40944.8,45,4.7,0.343,4316.78
2024-07-10,Mobile Phones,Kolkata,14267.51,18,3.0,0.336,9947.37
2024-07-11,Books,Ahmedabad,3849.48,40,3.3,0.29,1015.75
2024-07-12,Clothing,Hyderabad,75758.59,21,3.8,0.212,7825.44
2024-07-13,Books,Ahmedabad,62410.65,15,3.8,0.181,6769.65
2024-07-14,Groceries,Hyderabad,70703.9,33,3.5,0.17,7698.24
2024-07-15,Mobile Phones,Pune,22083.45,35,3.8,0.196,3144.54
2024-07-16,Electronics,Pune,14500.78,26,3.3,0.371,4971.34
2024-07-17,Electronics,Pune,2439.92,8,3.8,0.123,7985.43
2024-07-18,Clothing,Kolkata,35708.17,36,4.6,0.349,2402.16
2024-07-19,Books,Bangalore,59401.85,48,4.0,0.205,2337.73
2024-07-20,Mobile Phones,Delhi,39832.16,30,3.0,0.256,5555.4
2024-07-21,Furniture,Hyderabad,44310.02,23,3.8,0.338,5283.28
2024-07-22,Mobile Phones,Delhi,90511.71,42,3.1,0.365,2894.4
2024-07-23,Clothing,Ahmedabad,35477.29,44,4.9,0.203,3050.95
2024-07-24,Furniture,Ahmedabad,51884.96,14,3.3,0.239,2850.67
2024-07-25,Home Appliances,Bangalore,78581.65,14,4.4,0.224,7737.97
2024-07-26,Furniture,Chennai,40257.74,2,4.9,0.104,6553.82
2024-07-27,Home Appliances,Mumbai,62586.58,37,4.7,0.189,8340.93
2024-07-28,Groceries,Delhi,86374.01,5,4.4,0.238,9757.18
2024-07-29,Electronics,Hyderabad,95002.54,38,4.7,0.223,4794.23
2024-07-30,Sports Equipment,Hyderabad,15560.27,45,5.0,0.317,760.27
2024-07-31,Books,Pune,92732.17,41,4.2,0.215,576.11
2024-08-01,Groceries,Kolkata,49719.51,47,4.1,0.247,3027.08
2024-08-02,Home Appliances,Mumbai,26566.19,14,4.3,0.229,9332.19
2024-08-03,Furniture,Kolkata,46454.44,39,4.1,0.322,5279.81
2024-08-04,Books,Ahmedabad,98023.22,25,4.3,0.359,2790.69
2024-08-05,Furniture,Pune,49769.19,20,3.9,0.26,4051.75
2024-08-06,Groceries,Hyderabad,33546.41,2,3.4,0.337,6026.09
2024-08-07,Home Appliances,Hyderabad,63706.68,39,3.2,0.189,6564.2
2024-08-08,Home Appliances,Kolkata,24774.42,6,3.1,0.262,1623.8
2024-08-09,Mobile Phones,Pune,8510.47,17,3.5,0.204,9772.61
2024-08-10,Groceries,Kolkata,13759.09,25,3.1,0.224,5493.25
2024-08-11,Home Appliances,Hyderabad,13676.54,28,4.1,0.32,1443.31
2024-08-12,Furniture,Bangalore,16038.37,2,3.6,0.364,8946.99
2024-08-13,Books,Delhi,14743.89,35,4.6,0.136,838.92
2024-08-14,Electronics,Hyderabad,64446.6,37,3.1,0.29,9086.58
2024-08-15,Furniture,Delhi,19006.13,5,3.5,0.275,9966.0
2024-08-16,Mobile Phones,Mumbai,35221.06,1,4.5,0.136,7034.27
2024-08-17,Sports Equipment,Hyderabad,89782.05,40,4.2,0.164,7727.43
2024-08-18,Sports Equipment,Hyderabad,47922.2,12,3.1,0.193,3439.3
2024-08-19,Electronics,Hyderabad,67088.22,36,4.8,0.15,9421.61
2024-08-20,Books,Pune,18059.67,45,4.8,0.173,5344.17
2024-08-21,Home Appliances,Kolkata,20036.61,23,3.7,0.18,7350.65
2024-08-22,Electronics,Chennai,5045.99,47,3.7,0.201,9248.67
2024-08-23,Clothing,Chennai,17724.57,31,5.0,0.325,9754.28
2024-08-24,Books,Mumbai,28580.44,11,4.3,0.272,8348.72
2024-08-25,Mobile Phones,Bangalore,18524.04,10,4.1,0.396,3099.87
2024-08-26,Home Appliances,Pune,9781.55,3,4.7,0.224,9668.82
2024-08-27,Books,Hyderabad,12942.95,14,3.6,0.326,6318.38
2024-08-28,Home Appliances,Chennai,46617.1,16,3.9,0.361,9313.36
2024-08-29,Sports Equipment,Bangalore,21427.04,10,3.5,0.304,6793.44
2024-08-30,Groceries,Bangalore,37062.72,29,4.6,0.224,3141.67
2024-08-31,Furniture,Pune,50838.31,10,4.1,0.326,3763.24
2024-09-01,Furniture,Mumbai,69349.09,12,4.3,0.161,5549.67
2024-09-02,Electronics,Bangalore,4891.9,30,3.5,0.198,7921.15
2024-09-03,Mobile Phones,Delhi,80141.63,41,3.4,0.264,3248.03
2024-09-04,Mobile Phones,Chennai,63162.14,1,4.0,0.273,5839.34
2024-09-05,Sports Equipment,Chennai,9094.14,5,4.5,0.107,3521.69
2024-09-06,Electronics,Ahmedabad,87484.28,20,4.1,0.384,8176.12
2024-09-07,Electronics,Bangalore,92166.37,8,3.1,0.309,4720.61
2024-09-08,Groceries,Chennai,7046.72,43,4.7,0.249,859.56
2024-09-09,Electronics,Pune,28410.89,12,3.1,0.38,1743.92
2024-09-10,Books,Pune,80813.93,1,4.9,0.232,704.94
2024-09-11,Clothing,Delhi,75077.71,20,3.1,0.394,5043.1
2024-09-12,Groceries,Ahmedabad,19267.58,28,4.4,0.254,1152.74
2024-09-13,Clothing,Kolkata,21725.58,43,3.2,0.134,1229.99
2024-09-14,Books,Mumbai,37676.74,37,4.8,0.329,9416.38
2024-09-15,Books,Hyderabad,48967.78,47,3.9,0.304,8739.29
2024-09-16,Mobile Phones,Mumbai,62207.22,37,3.3,0.332,4575.66
2024-09-17,Home Appliances,Hyderabad,37522.45,12,3.7,0.385,9859.47
2024-09-18,Books,Delhi,46790.94,37,3.3,0.333,101.85
2024-09-19,Home Appliances,Chennai,74999.62,49,3.3,0.283,6178.4
2024-09-20,Books,Mumbai,4631.64,49,4.9,0.357,6202.64
2024-09-21,Home Appliances,Mumbai,25991.26,44,3.9,0.302,4628.69
2024-09-22,Sports Equipment,Kolkata,71621.61,28,4.6,0.222,4029.78
2024-09-23,Furniture,Bangalore,89625.48,47,4.3,0.366,4608.29
2024-09-24,Electronics,Delhi,51656.07,15,4.4,0.167,4208.11
2024-09-25,Groceries,Mumbai,53679.24,6,3.3,0.314,7331.88
2024-09-26,Home Appliances,Mumbai,11610.03,44,3.5,0.364,1440.02
2024-09-27,Electronics,Mumbai,45293.82,20,4.6,0.319,2056.63
2024-09-28,Furniture,Mumbai,53729.11,14,4.9,0.309,1887.13
2024-09-29,Electronics,Hyderabad,25004.58,2,3.5,0.326,2698.46
2024-09-30,Sports Equipment,Delhi,27655.08,9,3.5,0.24,5300.06
2024-10-01,Electronics,Delhi,38351.13,37,3.9,0.362,1200.97
2024-10-02,Home Appliances,Pune,2987.05,20,5.0,0.161,8694.88
2024-10-03,Electronics,Pune,32885.84,26,3.5,0.138,3043.88
2024-10-04,Clothing,Hyderabad,21933.35,29,3.8,0.186,1709.13
2024-10-05,Groceries,Mumbai,33422.24,1,4.8,0.259,6788.65
2024-10-06,Groceries,Pune,12856.45,35,3.0,0.253,477.05
2024-10-07,Sports Equipment,Hyderabad,89162.2,6,3.1,0.346,6237.69
2024-10-08,Clothing,Bangalore,59765.65,37,4.2,0.221,7012.16
2024-10-09,Electronics,Bangalore,68231.13,5,4.8,0.245,2227.67
2024-10-10,Furniture,Mumbai,79127.95,33,3.5,0.104,515.44
2024-10-11,Groceries,Mumbai,50345.78,49,3.9,0.223,3700.09
2024-10-12,Electronics,Pune,9605.11,14,3.9,0.294,1076.08
2024-10-13,Books,Hyderabad,54173.55,12,3.9,0.105,1253.13
2024-10-14,Mobile Phones,Hyderabad,59097.27,42,4.2,0.184,2617.19
2024-10-15,Groceries,Kolkata,74798.51,20,3.9,0.162,3025.13
2024-10-16,Groceries,Delhi,43734.3,24,3.9,0.113,5346.71
2024-10-17,Electronics,Pune,13630.45,43,3.9,0.244,6816.08
2024-10-18,Sports Equipment,Mumbai,29093.81,34,4.2,0.155,5968.43
2024-10-19,Mobile Phones,Bangalore,36945.15,25,4.1,0.323,1568.77
2024-10-20,Furniture,Mumbai,64945.81,29,4.7,0.354,1803.65
2024-10-21,Furniture,Mumbai,57507.05,39,3.1,0.264,8799.82
2024-10-22,Mobile Phones,Delhi,36253.58,31,4.7,0.395,5627.69
2024-10-23,Groceries,Delhi,98665.01,47,4.7,0.235,8712.38
2024-10-24,Home Appliances,Chennai,60971.71,43,3.6,0.254,3778.31
2024-10-25,Sports Equipment,Pune,24485.45,23,3.9,0.397,6182.56
2024-10-26,Sports Equipment,Pune,11076.46,44,3.9,0.169,5284.27
2024-10-27,Furniture,Pune,16133.05,38,3.4,0.383,3259.32
2024-10-28,Sports Equipment,Ahmedabad,25349.82,20,3.8,0.113,4752.16
2024-10-29,Home Appliances,Hyderabad,16907.46,23,3.1,0.234,5074.66
2024-10-30,Books,Mumbai,19470.14,45,3.6,0.121,2087.63
2024-10-31,Electronics,Chennai,29224.42,16,4.6,0.319,3218.6
2024-11-01,Sports Equipment,Pune,18163.99,42,3.6,0.283,7934.96
2024-11-02,Books,Ahmedabad,89779.78,8,4.6,0.312,9166.3
2024-11-03,Clothing,Delhi,8943.14,21,4.1,0.212,3661.96
2024-11-04,Books,Mumbai,52926.63,1,4.8,0.211,3139.03
2024-11-05,Mobile Phones,Pune,41629.29,8,4.1,0.114,2032.45
2024-11-06,Electronics,Kolkata,98255.48,29,3.1,0.205,6817.06
2024-11-07,Furniture,Ahmedabad,12091.85,32,4.4,0.379,3298.69
2024-11-08,Sports Equipment,Hyderabad,40387.7,38,3.1,0.214,9878.72
2024-11-09,Furniture,Chennai,96977.57,5,3.9,0.349,3324.28
2024-11-10,Furniture,Pune,86685.21,47,4.9,0.353,4001.95
2024-11-11,Clothing,Kolkata,81890.14,22,3.3,0.212,6073.01
2024-11-12,Clothing,Pune,26532.38,47,3.8,0.29,8036.67
2024-11-13,Electronics,Chennai,17917.87,34,4.5,0.129,4748.23
2024-11-14,Clothing,Bangalore,67195.68,1,4.8,0.131,4284.29
2024-11-15,Mobile Phones,Pune,93008.22,26,4.3,0.115,9956.81
2024-11-16,Sports Equipment,Hyderabad,56119.53,43,3.5,0.274,203.89
2024-11-17,Sports Equipment,Chennai,57589.66,10,4.3,0.228,8961.15
2024-11-18,Mobile Phones,Delhi,28717.93,30,3.6,0.264,1576.49
2024-11-19,Electronics,Mumbai,77179.8,18,4.4,0.256,7880.66
2024-11-20,Clothing,Chennai,19517.33,17,4.9,0.205,6217.52
2024-11-21,Furniture,Chennai,33044.24,26,4.4,0.303,3484.29
2024-11-22,Mobile Phones,Pune,43118.21,8,4.7,0.328,8751.36
2024-11-23,Books,Delhi,51253.43,47,3.0,0.104,227.78
2024-11-24,Home Appliances,Hyderabad,24998.56,40,4.4,0.162,2344.24
2024-11-25,Electronics,Hyderabad,12368.85,49,4.7,0.314,5712.24
2024-11-26,Mobile Phones,Delhi,61451.38,12,3.1,0.216,3580.27
2024-11-27,Books,Pune,29574.42,27,4.7,0.299,6142.74
2024-11-28,Books,Mumbai,58542.58,8,3.5,0.204,338.69
2024-11-29,Furniture,Mumbai,16281.91,25,4.3,0.217,1252.94
2024-11-30,Electronics,Mumbai,48632.87,46,4.6,0.148,1358.25
2024-12-01,Groceries,Bangalore,53726.35,4,4.3,0.177,1973.91
2024-12-02,Groceries,Hyderabad,6130.53,33,3.2,0.282,4647.38
2024-12-03,Clothing,Kolkata,34323.82,1,4.2,0.23,7546.07
2024-12-04,Home Appliances,Hyderabad,14307.05,19,4.1,0.332,9064.83
2024-12-05,Groceries,Pune,7274.12,31,4.8,0.356,8370.19
2024-12-06,Clothing,Kolkata,99006.06,16,3.8,0.262,2049.19
2024-12-07,Books,Mumbai,32913.03,14,3.6,0.327,4467.39
2024-12-08,Electronics,Chennai,81177.57,48,4.5,0.192,2074.17
2024-12-09,Mobile Phones,Chennai,26209.42,5,3.8,0.224,2718.27
2024-12-10,Furniture,Delhi,68468.77,41,4.3,0.314,5085.12
2024-12-11,Home Appliances,Pune,76262.56,26,4.3,0.216,774.28
2024-12-12,Sports Equipment,Hyderabad,59968.24,28,4.8,0.277,2259.93
2024-12-13,Groceries,Bangalore,47686.04,2,4.2,0.156,9360.24
2024-12-14,Groceries,Mumbai,41772.25,6,4.0,0.28,4714.55
2024-12-15,Clothing,Chennai,35537.96,9,3.3,0.358,4509.33
2024-12-16,Sports Equipment,Hyderabad,93023.39,33,3.2,0.361,244.21
2024-12-17,Clothing,Mumbai,83231.32,41,3.3,0.317,2549.26
2024-12-18,Sports Equipment,Hyderabad,96537.66,25,3.3,0.324,8676.3
2024-12-19,Groceries,Delhi,13305.43,48,4.3,0.267,1729.82
2024-12-20,Books,Pune,73355.88,13,4.5,0.275,4209.74
2024-12-21,Furniture,Delhi,93895.71,9,4.1,0.14,241.88
2024-12-22,Clothing,Bangalore,18942.07,13,4.7,0.233,4835.52
2024-12-23,Furniture,Delhi,7583.13,31,5.0,0.235,308.11
2024-12-24,Mobile Phones,Kolkata,74370.94,41,4.6,0.388,8214.13
2024-12-25,Electronics,Mumbai,57872.84,11,4.4,0.229,8266.05
2024-12-26,Groceries,Kolkata,84341.05,4,4.1,0.265,7898.65
2024-12-27,Mobile Phones,Delhi,14837.47,34,3.9,0.26,2905.3
2024-12-28,Mobile Phones,Bangalore,79731.46,38,3.2,0.291,8388.65
2024-12-29,Home Appliances,Chennai,20961.1,46,3.8,0.324,5475.68
2024-12-30,Clothing,Hyderabad,17201.94,4,4.8,0.168,3800.7
2024-12-31,Books,Chennai,17262.31,38,4.6,0.259,6290.77
2025-01-01,Groceries,Pune,81642.9,19,3.4,0.348,222.18
2025-01-02,Sports Equipment,Mumbai,66854.52,6,3.9,0.239,1515.31
2025-01-03,Books,Hyderabad,52783.48,34,4.6,0.184,7448.71
2025-01-04,Electronics,Hyderabad,36524.22,18,3.1,0.296,2517.2
2025-01-05,Books,Hyderabad,87842.85,13,3.8,0.347,6020.29
2025-01-06,Home Appliances,Ahmedabad,39852.07,41,4.7,0.119,3912.52
2025-01-07,Mobile Phones,Kolkata,81843.34,23,3.8,0.333,8562.58
2025-01-08,Home Appliances,Hyderabad,44474.36,19,3.2,0.346,9528.91
2025-01-09,Home Appliances,Pune,38317.5,45,4.1,0.238,8847.29
2025-01-10,Clothing,Hyderabad,46805.3,11,4.7,0.395,2779.14
2025-01-11,Furniture,Mumbai,30836.41,1,4.2,0.336,2022.21
2025-01-12,Mobile Phones,Chennai,75013.33,24,3.5,0.332,4796.91
2025-01-13,Electronics,Ahmedabad,50769.32,7,3.8,0.324,172.61
2025-01-14,Books,Ahmedabad,23989.06,25,3.9,0.145,355.51
2025-01-15,Home Appliances,Ahmedabad,90057.88,21,4.2,0.165,5577.58
2025-01-16,Furniture,Bangalore,39005.23,15,4.5,0.239,5252.45
2025-01-17,Home Appliances,Kolkata,54811.73,1,3.2,0.179,9946.36
2025-01-18,Home Appliances,Bangalore,90740.74,12,4.8,0.225,2098.23
2025-01-19,Sports Equipment,Bangalore,62799.56,7,3.0,0.367,2655.23
2025-01-20,Home Appliances,Hyderabad,12572.91,15,3.7,0.347,1224.05
2025-01-21,Electronics,Kolkata,94043.38,21,3.1,0.289,9183.68
2025-01-22,Furniture,Bangalore,63143.1,19,3.8,0.357,7800.33
2025-01-23,Groceries,Ahmedabad,34155.66,29,4.1,0.335,8241.16
2025-01-24,Home Appliances,Mumbai,14787.94,25,4.0,0.229,9037.36
2025-01-25,Electronics,Bangalore,79608.49,33,3.3,0.16,5296.51
2025-01-26,Home Appliances,Kolkata,62387.2,49,4.3,0.254,4566.81
2025-01-27,Mobile Phones,Ahmedabad,53812.65,32,3.1,0.321,3370.88
2025-01-28,Home Appliances,Bangalore,89495.37,49,4.5,0.231,5933.22
2025-01-29,Books,Kolkata,79071.12,35,4.9,0.3,4597.36
2025-01-30,Sports Equipment,Mumbai,16015.81,44,3.7,0.128,4570.5
2025-01-31,Home Appliances,Mumbai,31860.48,38,4.0,0.324,9375.59
2025-02-01,Sports Equipment,Hyderabad,25600.42,26,3.8,0.344,9841.91
2025-02-02,Clothing,Delhi,74650.68,11,3.0,0.312,7985.2
2025-02-03,Electronics,Mumbai,4319.71,35,3.8,0.39,7591.91
2025-02-04,Groceries,Kolkata,57419.08,8,4.6,0.348,6837.53
2025-02-05,Furniture,Kolkata,76483.41,46,4.2,0.371,1744.14
2025-02-06,Mobile Phones,Delhi,87799.8,14,3.2,0.38,685.15
2025-02-07,Groceries,Bangalore,34866.09,10,4.7,0.34,6938.19
2025-02-08,Groceries,Delhi,82304.47,2,4.1,0.302,7314.98
2025-02-09,Furniture,Kolkata,11952.54,46,4.7,0.102,565.03
2025-02-10,Mobile Phones,Mumbai,84798.78,9,4.2,0.24,9287.71
2025-02-11,Mobile Phones,Bangalore,13621.38,3,4.1,0.271,1002.29
2025-02-12,Home Appliances,Mumbai,40331.44,21,3.2,0.191,2930.42
2025-02-13,Groceries,Delhi,79932.24,26,3.3,0.195,6756.66
2025-02-14,Furniture,Mumbai,15841.83,8,4.9,0.388,1781.74
2025-02-15,Books,Pune,23695.89,48,3.5,0.368,648.62
2025-02-16,Mobile Phones,Mumbai,72503.0,2,5.0,0.355,3378.35
2025-02-17,Mobile Phones,Kolkata,72283.62,6,4.1,0.222,7683.12
2025-02-18,Furniture,Chennai,64473.62,28,3.3,0.104,4195.42
2025-02-19,Electronics,Ahmedabad,69700.9,29,3.2,0.124,6564.43
2025-02-20,Home Appliances,Ahmedabad,54729.72,26,3.4,0.194,5838.23
2025-02-21,Mobile Phones,Pune,25928.11,25,4.9,0.105,319.96
2025-02-22,Books,Hyderabad,35223.9,12,3.8,0.105,9886.55
2025-02-23,Mobile Phones,Bangalore,18978.17,5,3.8,0.375,510.14
2025-02-24,Furniture,Pune,90936.61,34,3.6,0.312,9681.25
2025-02-25,Groceries,Kolkata,58755.79,48,3.3,0.193,5543.66
2025-02-26,Books,Kolkata,40684.29,37,4.0,0.14,9635.27
2025-02-27,Groceries,Hyderabad,46738.57,15,3.3,0.253,1236.06
2025-02-28,Mobile Phones,Hyderabad,94781.05,44,4.7,0.102,4955.04
2025-03-01,Clothing,Kolkata,16181.79,36,3.7,0.382,1778.09
2025-03-02,Sports Equipment,Kolkata,59036.75,15,3.7,0.224,604.65
2025-03-03,Home Appliances,Mumbai,51082.98,43,3.9,0.221,6213.54
2025-03-04,Home Appliances,Bangalore,61533.97,48,3.9,0.217,2157.06
2025-03-05,Home Appliances,Chennai,2792.91,23,5.0,0.121,5918.2
2025-03-06,Clothing,Pune,87340.27,6,4.1,0.291,1212.41
2025-03-07,Home Appliances,Pune,93279.71,46,3.2,0.32,3386.67
2025-03-08,Sports Equipment,Bangalore,56948.19,44,4.2,0.303,7838.16
2025-03-09,Furniture,Bangalore,69968.43,43,3.3,0.142,4426.81
2025-03-10,Home Appliances,Pune,92327.44,45,3.1,0.274,6314.68
2025-03-11,Groceries,Pune,71016.62,21,4.9,0.271,6509.83
2025-03-12,Furniture,Delhi,16101.37,23,4.5,0.361,8453.17
2025-03-13,Sports Equipment,Pune,58052.55,43,5.0,0.214,3316.74
2025-03-14,Books,Bangalore,61064.79,16,4.0,0.211,6904.23
2025-03-15,Home Appliances,Mumbai,42988.94,47,4.1,0.286,9620.0
2025-03-16,Furniture,Kolkata,73907.98,15,3.3,0.29,7329.41
2025-03-17,Electronics,Ahmedabad,93502.33,25,3.5,0.241,4949.72
2025-03-18,Electronics,Hyderabad,92631.28,36,4.7,0.233,6344.1
2025-03-19,Mobile Phones,Ahmedabad,45633.1,11,3.7,0.248,7422.86
2025-03-20,Clothing,Chennai,12210.57,15,4.7,0.358,6161.53
2025-03-21,Groceries,Pune,98499.28,4,4.4,0.238,265.09
2025-03-22,Clothing,Delhi,84050.91,21,3.4,0.382,2028.26
2025-03-23,Sports Equipment,Hyderabad,13341.61,13,4.0,0.251,8123.64
2025-03-24,Mobile Phones,Pune,92163.35,22,4.4,0.385,2799.24
2025-03-25,Groceries,Chennai,87119.74,19,3.5,0.35,7342.46
2025-03-26,Books,Delhi,52364.97,34,4.7,0.209,3783.99
2025-03-27,Electronics,Bangalore,59536.27,14,4.1,0.359,5266.65
2025-03-28,Mobile Phones,Kolkata,40501.27,4,3.3,0.133,772.94
2025-03-29,Home Appliances,Mumbai,6421.4,48,4.2,0.378,1894.13
2025-03-30,Mobile Phones,Bangalore,34184.53,46,5.0,0.289,9576.25
2025-03-31,Furniture,Kolkata,80482.49,27,3.3,0.116,8912.37
2025-04-01,Electronics,Kolkata,1458.57,29,4.6,0.293,6557.52
2025-04-02,Home Appliances,Delhi,34016.42,47,3.4,0.392,4650.48
2025-04-03,Groceries,Chennai,40418.7,28,4.6,0.121,6790.04
2025-04-04,Mobile Phones,Hyderabad,54202.16,35,4.5,0.266,6224.24
2025-04-05,Mobile Phones,Chennai,92065.71,8,3.6,0.324,5728.67
2025-04-06,Clothing,Bangalore,35288.25,16,3.7,0.343,685.85
2025-04-07,Groceries,Kolkata,35348.37,42,4.6,0.224,6364.75
2025-04-08,Electronics,Chennai,74012.62,36,3.9,0.161,7712.31
2025-04-09,Books,Chennai,45769.58,30,4.5,0.113,9941.41
2025-04-10,Furniture,Pune,23235.88,18,3.3,0.274,209.68
2025-04-11,Mobile Phones,Bangalore,45791.51,2,4.7,0.236,7328.72
2025-04-12,Sports Equipment,Mumbai,14944.85,49,4.4,0.385,5760.71
2025-04-13,Furniture,Chennai,18462.31,13,4.8,0.118,4397.12
2025-04-14,Furniture,Delhi,50338.41,4,3.3,0.306,1362.94
2025-04-15,Books,Pune,42473.62,26,4.2,0.107,4149.94
2025-04-16,Books,Ahmedabad,91569.74,25,4.2,0.151,3608.33
2025-04-17,Electronics,Hyderabad,36877.0,30,3.7,0.236,3098.02
2025-04-18,Home Appliances,Chennai,58478.25,11,3.9,0.236,7335.71
2025-04-19,Furniture,Mumbai,63594.16,7,3.1,0.306,7037.18
2025-04-20,Books,Ahmedabad,2296.35,31,4.5,0.373,5931.3
2025-04-21,Electronics,Pune,66690.2,44,4.1,0.292,9392.78
2025-04-22,Clothing,Chennai,18625.56,10,3.1,0.386,3563.56
2025-04-23,Groceries,Chennai,96145.96,39,4.4,0.364,2513.64
2025-04-24,Furniture,Kolkata,15717.61,13,3.9,0.275,6593.44
2025-04-25,Groceries,Mumbai,42047.79,31,3.1,0.35,2068.26
2025-04-26,Groceries,Kolkata,9449.62,7,4.9,0.293,3218.6
2025-04-27,Books,Mumbai,99690.55,49,4.9,0.124,2323.56
2025-04-28,Furniture,Bangalore,50717.31,42,4.0,0.322,784.62
2025-04-29,Groceries,Delhi,59943.12,42,3.2,0.128,8292.24
2025-04-30,Home Appliances,Pune,7640.57,36,4.5,0.278,2619.95
2025-05-01,Furniture,Delhi,75246.09,20,4.0,0.311,4782.97
2025-05-02,Home Appliances,Hyderabad,21780.65,4,3.6,0.12,528.82
2025-05-03,Furniture,Chennai,89907.37,7,4.0,0.169,7023.46
2025-05-04,Groceries,Mumbai,21308.82,1,4.0,0.375,3372.55
2025-05-05,Mobile Phones,Pune,19878.08,44,4.1,0.285,7472.89
2025-05-06,Furniture,Hyderabad,4618.42,45,3.9,0.174,4182.79
2025-05-07,Furniture,Mumbai,47734.63,42,4.2,0.307,2037.98
2025-05-08,Books,Ahmedabad,56919.27,47,4.8,0.279,5180.43
2025-05-09,Books,Chennai,7505.16,13,3.7,0.25,1392.0
2025-05-10,Electronics,Ahmedabad,77777.23,22,4.5,0.393,4461.34
2025-05-11,Clothing,Pune,45875.59,21,4.8,0.305,3241.32
2025-05-12,Clothing,Mumbai,52914.64,22,3.9,0.213,9128.4
2025-05-13,Home Appliances,Chennai,44635.51,28,3.9,0.34,703.19
2025-05-14,Sports Equipment,Delhi,40675.54,9,4.2,0.365,6970.77
2025-05-15,Sports Equipment,Hyderabad,56404.39,26,4.2,0.138,1909.24
2025-05-16,Electronics,Chennai,16368.78,9,4.6,0.16,3258.55
2025-05-17,Sports Equipment,Pune,19010.88,15,4.0,0.165,4213.59
2025-05-18,Books,Kolkata,86316.78,10,5.0,0.307,9089.35
2025-05-19,Books,Chennai,94665.43,24,3.1,0.281,2501.52
2025-05-20,Mobile Phones,Kolkata,37957.62,42,3.0,0.286,1003.96
2025-05-21,Home Appliances,Ahmedabad,27803.72,8,4.3,0.382,3255.03
2025-05-22,Electronics,Kolkata,64755.95,24,3.6,0.333,1136.29
2025-05-23,Mobile Phones,Ahmedabad,41464.68,16,3.5,0.138,1373.11
2025-05-24,Furniture,Hyderabad,3513.25,49,3.6,0.204,5781.12
2025-05-25,Groceries,Ahmedabad,16459.11,26,3.5,0.231,702.93
2025-05-26,Furniture,Pune,71881.25,27,3.1,0.219,406.22
2025-05-27,Electronics,Bangalore,66233.47,37,4.9,0.301,7172.7
2025-05-28,Clothing,Pune,3682.5,4,3.4,0.368,3680.31
2025-05-29,Groceries,Bangalore,22975.24,24,4.5,0.192,1341.22
2025-05-30,Furniture,Kolkata,23876.4,19,4.5,0.266,2610.77
2025-05-31,Home Appliances,Delhi,67517.38,36,4.9,0.337,6456.66
2025-06-01,Sports Equipment,Delhi,2951.34,39,3.1,0.225,2827.81
2025-06-02,Clothing,Kolkata,11306.75,10,4.7,0.15,4995.76
2025-06-03,Sports Equipment,Pune,80191.69,25,4.1,0.242,1304.78
2025-06-04,Clothing,Ahmedabad,18675.92,18,4.3,0.117,5922.13
2025-06-05,Electronics,Hyderabad,65621.86,19,4.3,0.383,3229.17
2025-06-06,Groceries,Kolkata,24580.1,36,4.6,0.122,6306.99
2025-06-07,Electronics,Bangalore,10844.7,10,3.7,0.232,8103.11
2025-06-08,Mobile Phones,Ahmedabad,25074.05,33,4.5,0.259,6155.3
2025-06-09,Furniture,Delhi,72504.43,5,4.1,0.396,3027.9
2025-06-10,Clothing,Mumbai,85713.95,47,4.6,0.15,2631.86
2025-06-11,Books,Bangalore,83191.77,49,5.0,0.134,3341.47
2025-06-12,Electronics,Kolkata,40321.17,35,3.4,0.103,1729.74
2025-06-13,Clothing,Delhi,67140.43,44,5.0,0.147,1893.6
2025-06-14,Electronics,Kolkata,21293.45,34,3.2,0.162,7927.84
2025-06-15,Groceries,Chennai,30021.63,33,3.0,0.289,3908.85
2025-06-16,Home Appliances,Bangalore,89737.25,21,3.1,0.166,4416.35
2025-06-17,Books,Pune,2287.19,17,3.7,0.106,5981.09
2025-06-18,Home Appliances,Delhi,9465.34,22,4.3,0.348,5937.57
2025-06-19,Books,Hyderabad,21580.74,48,3.1,0.21,767.03
2025-06-20,Electronics,Hyderabad,3626.69,37,3.0,0.206,8332.25
2025-06-21,Clothing,Chennai,18962.11,15,4.9,0.191,1855.53
2025-06-22,Electronics,Ahmedabad,58721.11,35,4.6,0.393,7258.41
2025-06-23,Furniture,Ahmedabad,42721.03,28,4.6,0.151,7749.44
2025-06-24,Mobile Phones,Pune,89374.5,7,4.8,0.369,7177.51
2025-06-25,Electronics,Pune,81926.91,32,4.4,0.333,5831.88
2025-06-26,Clothing,Hyderabad,34839.92,11,3.2,0.123,244.63
2025-06-27,Clothing,Mumbai,26682.92,10,3.8,0.396,3667.72
2025-06-28,Electronics,Chennai,38589.55,9,4.4,0.181,6087.91
2025-06-29,Sports Equipment,Bangalore,59439.2,14,3.6,0.13,3935.77
2025-06-30,Sports Equipment,Chennai,27538.3,13,4.4,0.349,8648.45
2025-07-01,Clothing,Ahmedabad,62790.74,25,3.0,0.312,3157.14
2025-07-02,Home Appliances,Bangalore,41531.75,2,3.6,0.285,3005.99
2025-07-03,Clothing,Hyderabad,55652.67,35,4.1,0.147,2733.38
2025-07-04,Sports Equipment,Kolkata,44176.53,7,4.3,0.244,3394.53
2025-07-05,Home Appliances,Ahmedabad,30152.11,21,4.2,0.334,5618.31
2025-07-06,Books,Chennai,94896.88,18,4.4,0.191,7099.45
2025-07-07,Electronics,Mumbai,76596.97,3,3.0,0.194,6659.42
2025-07-08,Clothing,Ahmedabad,14871.2,42,3.2,0.101,8096.41
2025-07-09,Home Appliances,Hyderabad,86978.33,39,4.7,0.152,8870.55
2025-07-10,Mobile Phones,Ahmedabad,49255.69,41,4.4,0.363,8179.18
2025-07-11,Mobile Phones,Ahmedabad,89560.67,49,3.2,0.233,287.56
2025-07-12,Mobile Phones,Kolkata,80185.67,11,4.7,0.395,7385.59
2025-07-13,Clothing,Hyderabad,43096.14,39,3.5,0.219,2163.16
2025-07-14,Clothing,Hyderabad,3224.46,24,4.0,0.315,1415.99
2025-07-15,Books,Hyderabad,27599.06,46,3.3,0.185,6421.04
2025-07-16,Furniture,Kolkata,54621.79,19,4.4,0.209,3265.46
2025-07-17,Furniture,Mumbai,63714.34,4,4.3,0.157,665.46
2025-07-18,Books,Ahmedabad,26530.88,26,3.4,0.204,1462.53
2025-07-19,Electronics,Kolkata,14796.25,38,4.7,0.264,109.2
2025-07-20,Furniture,Bangalore,83658.09,42,3.8,0.398,9041.91
2025-07-21,Sports Equipment,Pune,98455.82,32,3.6,0.299,343.72
2025-07-22,Home Appliances,Mumbai,53043.33,39,3.3,0.16,2173.61
2025-07-23,Furniture,Kolkata,17996.25,45,3.5,0.113,4221.0
2025-07-24,Sports Equipment,Mumbai,27958.43,46,3.0,0.138,3630.06
2025-07-25,Sports Equipment,Delhi,2820.68,36,4.2,0.269,9126.09
2025-07-26,Groceries,Ahmedabad,91515.58,40,4.7,0.33,498.86
2025-07-27,Sports Equipment,Bangalore,12657.36,37,4.1,0.382,5170.93
2025-07-28,Books,Delhi,58075.13,33,3.4,0.105,6836.75
2025-07-29,Sports Equipment,Pune,28131.47,36,3.1,0.257,9323.81
2025-07-30,Books,Mumbai,55863.62,3,3.4,0.241,6241.68
2025-07-31,Mobile Phones,Delhi,65490.62,9,3.8,0.297,8057.18
2025-08-01,Books,Pune,83144.44,8,4.5,0.268,928.88
2025-08-02,Groceries,Ahmedabad,21435.71,33,3.4,0.306,3920.8
2025-08-03,Groceries,Hyderabad,2088.59,6,4.4,0.297,3802.08
2025-08-04,Furniture,Bangalore,14551.68,41,4.7,0.135,8874.25
2025-08-05,Mobile Phones,Mumbai,90101.85,39,3.9,0.34,1598.57
2025-08-06,Home Appliances,Ahmedabad,87515.12,4,4.6,0.137,1603.67
2025-08-07,Electronics,Ahmedabad,60143.9,13,4.1,0.31,3352.73
2025-08-08,Mobile Phones,Bangalore,60451.17,49,4.3,0.225,639.21
2025-08-09,Clothing,Ahmedabad,66838.63,2,4.1,0.254,1906.33
2025-08-10,Sports Equipment,Hyderabad,18361.76,5,3.9,0.371,9655.58
2025-08-11,Groceries,Mumbai,91526.78,44,3.5,0.367,4339.02
2025-08-12,Home Appliances,Delhi,42458.28,27,3.6,0.345,6356.99
2025-08-13,Mobile Phones,Bangalore,38930.71,32,3.6,0.253,7288.5
2025-08-14,Clothing,Kolkata,52372.85,21,4.1,0.321,3732.92
2025-08-15,Mobile Phones,Pune,5649.63,8,3.2,0.254,1557.55
2025-08-16,Sports Equipment,Kolkata,17462.05,38,4.8,0.361,2145.15
2025-08-17,Mobile Phones,Bangalore,74065.33,8,4.4,0.221,3201.34
2025-08-18,Mobile Phones,Bangalore,9197.07,3,3.8,0.391,6397.08
2025-08-19,Mobile Phones,Delhi,60712.06,44,3.3,0.38,4042.98
2025-08-20,Groceries,Chennai,25289.56,3,4.8,0.322,167.47
2025-08-21,Sports Equipment,Pune,39540.27,22,4.6,0.184,5281.73
2025-08-22,Clothing,Mumbai,29580.68,6,4.4,0.139,9222.98
2025-08-23,Home Appliances,Pune,36211.6,2,3.5,0.356,8139.57
2025-08-24,Electronics,Ahmedabad,72185.54,23,3.8,0.15,8269.59
2025-08-25,Sports Equipment,Mumbai,30415.05,44,3.2,0.356,7971.07
2025-08-26,Furniture,Pune,57074.06,2,3.4,0.247,3304.94
2025-08-27,Electronics,Delhi,48128.99,38,4.6,0.222,7675.42
2025-08-28,Books,Kolkata,66703.45,17,4.4,0.371,1517.3
2025-08-29,Books,Hyderabad,93746.14,35,4.2,0.281,6611.39
2025-08-30,Furniture,Delhi,73524.64,34,4.8,0.273,6451.53
2025-08-31,Home Appliances,Kolkata,22279.1,23,4.2,0.268,353.14
2025-09-01,Clothing,Bangalore,4087.13,30,3.9,0.211,7900.9
2025-09-02,Home Appliances,Bangalore,26964.14,8,3.7,0.336,9042.16
2025-09-03,Sports Equipment,Mumbai,59912.72,22,4.9,0.176,2747.41
2025-09-04,Furniture,Ahmedabad,6091.16,44,3.2,0.382,8142.67
2025-09-05,Books,Ahmedabad,50140.26,36,4.9,0.368,915.82
2025-09-06,Clothing,Kolkata,60087.44,5,4.7,0.201,6039.68
2025-09-07,Mobile Phones,Delhi,34090.15,13,3.3,0.319,4907.9
2025-09-08,Clothing,Hyderabad,77320.31,29,4.1,0.272,5504.64
2025-09-09,Furniture,Bangalore,11553.23,31,4.7,0.201,9269.43
2025-09-10,Furniture,Ahmedabad,8438.64,47,4.1,0.397,8726.02
2025-09-11,Electronics,Bangalore,73090.69,16,4.8,0.108,7872.33
2025-09-12,Books,Bangalore,50053.64,42,4.9,0.176,2809.61
2025-09-13,Sports Equipment,Delhi,69151.84,30,3.8,0.256,9127.0
2025-09-14,Sports Equipment,Mumbai,44047.91,16,3.8,0.257,1065.33
2025-09-15,Clothing,Delhi,25393.8,12,4.9,0.277,8547.96
2025-09-16,Sports Equipment,Chennai,82091.13,17,4.4,0.326,3348.78
2025-09-17,Sports Equipment,Delhi,80142.17,16,3.2,0.287,632.35
2025-09-18,Home Appliances,Delhi,69774.95,12,3.1,0.28,6726.63
2025-09-19,Clothing,Delhi,27942.37,8,4.1,0.116,2389.67
2025-09-20,Books,Kolkata,59432.84,20,4.9,0.213,2511.35
2025-09-21,Home Appliances,Kolkata,36736.42,3,4.7,0.17,3129.87
2025-09-22,Books,Ahmedabad,10066.63,16,4.4,0.18,730.48
2025-09-23,Books,Ahmedabad,91814.04,30,3.3,0.266,1853.56
2025-09-24,Groceries,Delhi,14545.04,45,3.5,0.16,150.88
2025-09-25,Mobile Phones,Mumbai,95073.5,23,4.8,0.188,4509.55
2025-09-26,Furniture,Mumbai,45154.57,28,3.4,0.171,934.13
